path	origin	author_or_holder	derivation	copyright	license	status
.config/dotnet-tools.json	Forma extraction	Igor Hipólito Vieira	Pinned MGCB and Microsoft API compatibility tool manifest	Igor Hipólito Vieira	MIT	classified
.github/workflows/ci.yml	Forma extraction	Igor Hipólito Vieira	Cross-platform build, test, compliance, and package workflow	Igor Hipólito Vieira	MIT	classified
.github/workflows/release.yml	Forma extraction	Igor Hipólito Vieira	Validated approval-gated NuGet trusted publishing workflow	Igor Hipólito Vieira	MIT	classified
.gitignore	Forma extraction	Igor Hipólito Vieira	Repository ignore rules	Igor Hipólito Vieira	MIT	classified
Directory.Build.props	Forma extraction	Igor Hipólito Vieira	Shared build and package metadata	Igor Hipólito Vieira	MIT	classified
Forma.slnx	Forma extraction	Igor Hipólito Vieira	Standalone solution definition	Igor Hipólito Vieira	MIT	classified
LICENSE	Forma extraction	Igor Hipólito Vieira	Project MIT license text	Igor Hipólito Vieira	MIT	classified
NOTICE.md	Forma extraction	Igor Hipólito Vieira	Project identity and third-party notice pointer	Igor Hipólito Vieira	MIT	classified
README.md	Retained UI documentation and Forma extraction	Igor Hipólito Vieira	Rewritten standalone repository documentation	Igor Hipólito Vieira	MIT	classified
THIRD-PARTY-NOTICES.md	Forma extraction	Godot contributors; Björn Ottosson; MonoGame Foundation; IBM Corp.	Aggregated applicable third-party notices	Respective upstream holders	MIT; MS-PL; OFL-1.1	classified
docs/provenance-files.tsv	Forma extraction	Igor Hipólito Vieira	Machine-readable per-file provenance manifest	Igor Hipólito Vieira	MIT	classified
docs/api-baseline.txt	zignd/MonoGame 49ea4f3d	Igor Hipólito Vieira	Generated normalized public UI type and member baseline	Igor Hipólito Vieira	MIT	classified
docs/api-compatibility.diff	Forma extraction	Igor Hipólito Vieira	Generated deterministic baseline-to-core API delta	Igor Hipólito Vieira	MIT	classified
docs/api-compatibility.md	Forma extraction	Igor Hipólito Vieira	Public API comparison method, counts, and intentional media exception	Igor Hipólito Vieira	MIT	classified
docs/api-core.approved.txt	Forma extraction	Igor Hipólito Vieira	Generated approved stock-compatible Forma public API inventory	Igor Hipólito Vieira	MIT	classified
docs/api-media.approved.txt	Forma extraction	Igor Hipólito Vieira	Generated approved optional Forma.Media public API inventory	Igor Hipólito Vieira	MIT	classified
docs/dynamic-text-rendering-plan.md	ZonoBak plan and Forma retargeting	Igor Hipólito Vieira	Retargeted future runtime text architecture and implementation checklist	Igor Hipólito Vieira	MIT	classified
docs/migration.md	Forma extraction	Igor Hipólito Vieira	Namespace, type, package, backend, and media migration guide	Igor Hipólito Vieira	MIT	classified
docs/provenance.md	Forma extraction	Igor Hipólito Vieira	Narrative provenance, revisions, classifications, and baselines	Igor Hipólito Vieira	MIT	classified
docs/release-validation.md	Forma extraction	Igor Hipólito Vieira	Local candidate validation, identity review, and external release gate record	Igor Hipólito Vieira	MIT	classified
samples/Forma.Catalog/CatalogBackend.cs	Forma extraction	Igor Hipólito Vieira	Assembly-metadata backend label replacing internal MonoGame API use	Igor Hipólito Vieira	MIT	classified
samples/Forma.Catalog/CatalogEffectHotReloadService.cs	Forma extraction	Igor Hipólito Vieira	Stock-compatible compiled-effect polling and replacement service	Igor Hipólito Vieira	MIT	classified
samples/Forma.Catalog/CatalogGame.cs	zignd/MonoGame 500ca0bc	Igor Hipólito Vieira	Retained catalog host adapted to Forma namespace and stock package	Igor Hipólito Vieira	MIT	classified
samples/Forma.Catalog/CatalogShell.cs	zignd/MonoGame 500ca0bc	Igor Hipólito Vieira	Retained catalog shell adapted to Forma namespace	Igor Hipólito Vieira	MIT	classified
samples/Forma.Catalog/Content/Content.mgcb	Forma extraction	Igor Hipólito Vieira	Deterministic MGCB instructions for IBM Plex Sans atlases	Igor Hipólito Vieira	MIT	classified
samples/Forma.Catalog/Forma.Catalog.csproj	Retained catalog project and Forma extraction	Igor Hipólito Vieira	Standalone stock-MonoGame catalog project	Igor Hipólito Vieira	MIT	classified
samples/Forma.Catalog/Program.cs	zignd/MonoGame 500ca0bc	Igor Hipólito Vieira	Retained catalog entry point adapted to Forma namespace	Igor Hipólito Vieira	MIT	classified
samples/Forma.Catalog/README.md	zignd/MonoGame 500ca0bc and Forma extraction	Igor Hipólito Vieira	Retained catalog guide rewritten for standalone commands	Igor Hipólito Vieira	MIT	classified
samples/Forma.Catalog/StoryCatalog.cs	zignd/MonoGame 500ca0bc	Igor Hipólito Vieira	Retained complete component story registry adapted to Forma namespace	Igor Hipólito Vieira	MIT	classified
samples/Forma.Catalog/catalog-metrics-baseline.json	Forma extraction	Igor Hipólito Vieira	Generated deterministic three-frame 2x catalog metrics baseline	Igor Hipólito Vieira	MIT	classified
scripts/check-compliance.sh	Forma extraction	Igor Hipólito Vieira	License, notice, header, and manifest validation	Igor Hipólito Vieira	MIT	classified
scripts/check-api-compatibility.sh	Forma extraction	Igor Hipólito Vieira	Deterministic normalized API approval and baseline delta validation	Igor Hipólito Vieira	MIT	classified
scripts/check-backend-references.sh	Forma extraction	Igor Hipólito Vieira	Isolated DesktopGL, WindowsDX, and Native package-reference compile validation	Igor Hipólito Vieira	MIT	classified
scripts/check-clean-source.sh	Forma extraction	Igor Hipólito Vieira	Clean source export restore, solution build, and full unit-suite validation	Igor Hipólito Vieira	MIT	classified
scripts/check-catalog-smoke.sh	Forma extraction	Igor Hipólito Vieira	Bounded graphical catalog run and deterministic metrics comparison	Igor Hipólito Vieira	MIT	classified
scripts/test-package-consumer.sh	Forma extraction	Igor Hipólito Vieira	Deterministic font, package-content, symbol, and consumer validation	Igor Hipólito Vieira	MIT	classified
scripts/track-plan.sh	Forma extraction	Igor Hipólito Vieira	Reusable Markdown checklist totals, sections, and remaining-line tracker	Igor Hipólito Vieira	MIT	classified
src/Forma/AdvancedControls.cs	zignd/MonoGame 35921960	Igor Hipólito Vieira; Godot contributors	C# adaptations of advanced Godot controls	Respective contributors	MIT	classified
src/Forma/ColorControls.cs	zignd/MonoGame 35921960	Igor Hipólito Vieira; Godot contributors	C# adaptations of Godot color controls	Respective contributors	MIT	classified
src/Forma/Containers.cs	zignd/MonoGame 35921960	Igor Hipólito Vieira; Godot contributors	C# adaptations of Godot layout containers	Respective contributors	MIT	classified
src/Forma/Control.cs	zignd/MonoGame 35921960	Igor Hipólito Vieira; Godot contributors	C# retained-tree adaptation of Godot Control	Respective contributors	MIT	classified
src/Forma/Controls.cs	zignd/MonoGame 35921960	Igor Hipólito Vieira; Godot contributors	C# adaptations of basic Godot controls	Respective contributors	MIT	classified
src/Forma/FoldableControls.cs	zignd/MonoGame 35921960	Igor Hipólito Vieira; Godot contributors	C# adaptation of Godot FoldableContainer	Respective contributors	MIT	classified
src/Forma/Forma.csproj	Forma extraction	Igor Hipólito Vieira	Standalone library and NuGet package project	Igor Hipólito Vieira	MIT	classified
src/Forma/GraphAndCodeControls.cs	zignd/MonoGame 35921960	Igor Hipólito Vieira; Godot contributors	C# adaptations of Godot graph and code controls	Respective contributors	MIT	classified
src/Forma/GraphOverlays.cs	zignd/MonoGame 35921960	Igor Hipólito Vieira; Godot contributors	C# adaptation of Godot graph minimap behavior	Respective contributors	MIT	classified
src/Forma/MenusAndDialogs.cs	zignd/MonoGame 35921960	Igor Hipólito Vieira; Godot contributors	C# adaptations of Godot menus and dialogs	Respective contributors	MIT	classified
src/Forma/OkColor.cs	Björn Ottosson ok_color via Godot	Björn Ottosson; Godot contributors; Igor Hipólito Vieira	C# adaptation of ok_color as bundled by Godot	Björn Ottosson and respective contributors	MIT	classified
src/Forma/Primitives.cs	zignd/MonoGame 35921960	Igor Hipólito Vieira; Godot contributors	C# value types mapped from Godot concepts	Respective contributors	MIT	classified
src/Forma/README.md	zignd/MonoGame 35921960 and Forma extraction	Igor Hipólito Vieira	Retained UI guide rewritten for Forma namespace	Igor Hipólito Vieira	MIT	classified
src/Forma/SelectionControls.cs	zignd/MonoGame 35921960	Igor Hipólito Vieira; Godot contributors	C# adaptations of Godot selection and text controls	Respective contributors	MIT	classified
src/Forma/SpecializedControls.cs	zignd/MonoGame 35921960	Igor Hipólito Vieira; Godot contributors	C# adaptations of specialized Godot controls	Respective contributors	MIT	classified
src/Forma/StyleBoxes.cs	zignd/MonoGame 35921960	Igor Hipólito Vieira; Godot contributors	MonoGame implementation inspired by Godot style boxes	Respective contributors	MIT	classified
src/Forma/Tree.cs	zignd/MonoGame 35921960	Igor Hipólito Vieira; Godot contributors	C# adaptation of Godot Tree and TreeItem	Respective contributors	MIT	classified
src/Forma/UIContext.cs	zignd/MonoGame 35921960	Igor Hipólito Vieira; Godot contributors	Forma coordinator with Godot tooltip traversal adaptation	Respective contributors	MIT	classified
src/Forma/UIRenderContext.cs	zignd/MonoGame 35921960	Igor Hipólito Vieira	Independently authored MonoGame rendering adapter	Igor Hipólito Vieira	MIT	classified
src/Forma/VisualControls.cs	zignd/MonoGame 35921960	Igor Hipólito Vieira; Godot contributors	C# adaptations of Godot visual and layout controls	Respective contributors	MIT	classified
src/Forma.Media/Forma.Media.csproj	Forma extraction	Igor Hipólito Vieira	Optional stock-compatible media integration package project	Igor Hipólito Vieira	MIT	classified
src/Forma.Media/VideoStreamPlayer.cs	zignd/MonoGame 35921960	Igor Hipólito Vieira; Godot contributors	Video control extraction with stock/fork playback abstraction	Respective contributors	MIT	classified
tests/Assets/Fonts/Catalog.spritefont	zignd/MonoGame 35921960	Igor Hipólito Vieira; IBM Corp.	14px content descriptor using IBM Plex Sans	Igor Hipólito Vieira; IBM Corp.	MIT descriptor; OFL-1.1 font	classified
tests/Assets/Fonts/Catalog.xnb	Forma extraction	IBM Corp.	MGCB 3.8.5 output from Catalog.spritefont and IBM Plex Sans	IBM Corp.	OFL-1.1	classified
tests/Assets/Fonts/Catalog@2x.spritefont	zignd/MonoGame 35921960	Igor Hipólito Vieira; IBM Corp.	28px content descriptor using IBM Plex Sans	Igor Hipólito Vieira; IBM Corp.	MIT descriptor; OFL-1.1 font	classified
tests/Assets/Fonts/Catalog@2x.xnb	Forma extraction	IBM Corp.	MGCB 3.8.5 output from Catalog@2x.spritefont and IBM Plex Sans	IBM Corp.	OFL-1.1	classified
tests/Assets/Fonts/IBMPlexSans-Regular-License-OFL.txt	IBM Plex Sans distribution	IBM Corp.	Complete SIL Open Font License 1.1 text	IBM Corp.	OFL-1.1	classified
tests/Assets/Fonts/IBMPlexSans-Regular.ttf	IBM Plex Sans distribution	IBM Corp.	Unmodified IBM Plex Sans Regular source font	IBM Corp.	OFL-1.1	classified
tests/Forma.PackageConsumer/Forma.PackageConsumer.csproj	Forma extraction	Igor Hipólito Vieira	External packed-package consumer project	Igor Hipólito Vieira	MIT	classified
tests/Forma.PackageConsumer/Program.cs	Forma extraction	Igor Hipólito Vieira	Public API package-consumer smoke program	Igor Hipólito Vieira	MIT	classified
tests/Forma.RenderTests/Forma.RenderTests.csproj	Forma extraction	Igor Hipólito Vieira	Standalone rendering test project and font inputs	Igor Hipólito Vieira	MIT	classified
tests/Forma.RenderTests/GraphicsDeviceTestFixtureBase.cs	MonoGame test fixture	MonoGame Foundation contributors	Reduced adaptation of MonoGame graphics-device test fixture	MonoGame Foundation, Inc.	MS-PL	classified
tests/Forma.RenderTests/UIRenderTest.cs	zignd/MonoGame 35921960	Igor Hipólito Vieira	Retained rendering tests adapted to isolated host and macOS policy	Igor Hipólito Vieira	MIT	classified
tests/Forma.Tests/CatalogInventoryTest.cs	Forma extraction	Igor Hipólito Vieira	Catalog story completeness test	Igor Hipólito Vieira	MIT	classified
tests/Forma.Tests/Forma.Tests.csproj	Forma extraction	Igor Hipólito Vieira	Standalone unit and inventory test project	Igor Hipólito Vieira	MIT	classified
tests/Forma.Tests/UITest.cs	zignd/MonoGame 35921960	Igor Hipólito Vieira	Retained behavioral tests with stock-compatible headless helpers	Igor Hipólito Vieira	MIT	classified
tools/Forma.ApiInventory/Forma.ApiInventory.csproj	Forma extraction	Igor Hipólito Vieira	Development-only PublicApiGenerator tool project	Igor Hipólito Vieira	MIT	classified
tools/Forma.ApiInventory/Program.cs	Forma extraction	Igor Hipólito Vieira	Deterministic namespace-scoped public API inventory generator	Igor Hipólito Vieira	MIT	classified